idParroquia;nomParroquia ;idCanton 
1;CUENCA;1
2;BAÑOS;1
3;CUMBE;1
4;CHAUCHA;1
5;CHECA (JIDCAY) ;1
6;CHIQUINTAD;1
7;LLACAO;1
8;MOLLETURO;1
9;NULTI;1
10;OCTAVIO CORDERO PALACIOS (SANTA ROSA) ;1
11;PACCHA;1
12;QUINGEO;1
13;RICAURTE;1
14;SAN JOAQUIN;1
15;SANTA ANA;1
16;SAYAUSI;1
17;SIDCAY;1
18;SININCAY;1
19;TARQUI;1
20;TURI;1
21;VALLE;1
22;VICTORIA DEL PORTETE (IRQUIS);1
23;GIRON;2
24;ASUNCION;2
25;SAN GERARDO;2
26;GUALACEO;3
27;DANIEL CORDOVA TORAL (EL ORIENTE) ;3
28;JADAN;3
29;MARIANO MORENO;3
30;REMIGIO CRESPO TORAL (GULAG);3
31;SAN JUAN;3
32;ZHIDMAD;3
33;LUIS CORDERO VEGA;3
34;SIMON BOLIVAR (CAB. EN GAÑANZOL);3
35; NABON;4
36;COCHAPATA;4
37;EL PROGRESO (CAB.EN ZHOTA) ;4
38;LAS NIEVES (CHAYA);4
39;PAUTE;5
40;BULAN (JOSE VICTOR IZQUIERDO) ;5
41;CHICAN (GUILLERMO ORTEGA) ;5
42;EL CABO  ;5
43;GUARAINAG;5
44;SAN CRISTOBAL (CARLOS ORDOÑEZ LAZO) ;5
45;TOMEBAMBA;5
46;DUG DUG;5
47; PUCARA;6
48;SAN RAFAEL DE SHARUG;6
49; SAN FERNANDO;7
50;CHUMBLIN;7
51; SANTA ISABEL;8
52;ABDON CALDERON  (LA UNION) ;8
53;EL CARMEN DE PIJILI;8
54;ZHAGLLI (SHAGLLI);8
55; SIGSIG;9
56;CUCHIL (CUTCHIL) ;9
57;JIMA (GIMA);9
58;GUEL;9
59;LUDO;9
60;SAN BARTOLOME;9
61;SAN JOSE DE RARANGA;9
62;SAN FELIPE DE OÑA;10
63;SUSUDEL;10
64;CHORDELEG;11
65;PRINCIPAL;11
66;LA UNION;11
67;LUIS GALARZA ORELLANA (CAB.EN DELEGSOL) ;11
68;SAN MARTIN DE PUZHIO;11
69; EL PAN;12
70;SAN VICENTE;12
71; SEVILLA DE ORO;13
72;AMALUZA;13
73;PALMAS;13
74; GUACHAPALA;14
75;CAMILO PONCE ENRIQUEZ;15
76; GUARANDA;16
77;FACUNDO VELA;16
78;JULIO E. MORENO (CATANAHUAN GRANDE);16
79;SALINAS;16
80;SAN LORENZO;16
81;SAN SIMON (YACOTO);16
82;SANTAFE (SANTA FE);16
83;SIMIATUG;16
84;SAN LUIS DE PAMBIL;16
85; CHILLANES;17
86;SAN JOSE DEL TAMBO (TAMBOPAMBA);17
87;SAN JOSE DE CHIMBO;18
88;ASUNCION (ASANCOTO) ;18
89;MAGDALENA (CHAPACOTO);18
90;SAN SEBASTIAN;18
91;TELIMBELA;18
92; ECHEANDIA;19
93;SAN MIGUEL;20
94;BALSAPAMBA;20
95;BILOVAN;20
96;REGULO DE MORA;20
97;SAN PABLO  (SAN PABLO DE ATENAS);20
98;SANTIAGO;20
99;SAN VICENTE;20
100; CALUMA ;21
101; LAS NAVES;22
102;AZOGUES;23
103;COJITAMBO;23
104;GUAPAN;23
105;JAVIER LOYOLA (CHUQUIPATA) ;23
106;LUIS CORDERO;23
107;PINDILIG;23
108;RIVERA;23
109;SAN MIGUEL;23
110;TADAY;23
111; BIBLIAN;24
112;NAZON (CAB. EN PAMPA DE DOMINGUEZ);24
113;SAN FRANCISCO DE SAGEO;24
114;TURUPAMBA;24
115;JERUSALEN;24
116;CAÑAR;25
117;CHONTAMARCA;25
118;CHOROCOPTE;25
119;GENERAL MORALES (SOCARTE) ;25
120;GUALLETURO;25
121;HONORATO VASQUEZ (TAMBO VIEJO) ;25
122;INGAPIRCA;25
123;JUNCAL;25
124;SAN ANTONIO;25
125;ZHUD;25
126;VENTURA;25
127;DUCUR;25
128; LA TRONCAL;26
129;MANUEL J. CALLE;26
130;PANCHO NEGRO;26
131;EL TAMBO ;27
132; DELEG;28
133;SOLANO;28
134;SUSCAL;29
135; TULCAN;30
136;EL CARMELO (EL PUN) ;30
137;JULIO ANDRADE (OREJUELA) ;30
138;MALDONADO;30
139;PIOTER;30
140;TOBAR DONOSO (LA BOCANA DE CAMUMBI) ;30
141;TUFIÑO;30
142;URBINA (TAYA);30
143;EL CHICAL;30
144;SANTA MARTHA DE CUBA;30
145; BOLIVAR;31
146;GARCIA MORENO;31
147;LOS ANDES;31
148;MONTE OLIVO;31
149;SAN VICENTE DE PUSIR;31
150;SAN RAFAEL;31
151;EL ANGEL;32
152;EL GOALTAL;32
153;LA LIBERTAD (ALIZO);32
154;SAN ISIDRO;32
155;MIRA (CHONTAHUASI);33
156;CONCEPCION;33
157;JIJON Y CAAMAÑO (CAB. EN RIO BLANCO);33
158;JUAN MONTALVO (SAN IGNACIO DE QUIL);33
159;SAN GABRIEL;34
160;CRISTOBAL COLON;34
161;CHITAN DE NAVARRETE;34
162;FERNANDEZ SALVADOR;34
163;LA PAZ;34
164;PIARTAL;34
165;HUACA;35
166;MARISCAL SUCRE;35
167;LATACUNGA;36
168;ALAQUES (ALAQUEZ) ;36
169;BELISARIO QUEVEDO (GUANAILIN);36
170;GUAITACAMA (GUAYTACAMA) ;36
171;JOSEGUANGO BAJO;36
172;MULALO;36
173;11 DE NOVIEMBRE (ILINCHISI);36
174;POALO;36
175;SAN JUAN DE PASTOCALLE;36
176;TANICUCHI;36
177;TOACASO;36
178;LA MANA;37
179;GUASAGANDA (CAB.EN GUASAGANDA CENTRO);37
180;PUCAYACU;37
181;EL CORAZON;38
182;MORASPUNGO;38
183;PINLLOPATA;38
184;RAMON CAMPAÑA;38
185;PUJILI;39
186;ANGAMARCA;39
187;GUANGAJE;39
188;LA VICTORIA;39
189;PILALO;39
190;TINGO;39
191;ZUMBAHUA;39
192;SAN MIGUEL;40
193;ANTONIO JOSE HOLGUIN  (SANTA LUCIA);40
194;CUSUBAMBA;40
195;MULALILLO;40
196;MULLIQUINDIL (SANTA ANA);40
197;PANSALEO;40
198;SAQUISILI, ;41
199;CANCHAGUA;41
200;CHANTILIN;41
201;COCHAPAMBA;41
202;SIGCHOS;42
203;CHUGCHILLAN;42
204;ISINLIVI;42
205;LAS PAMPAS;42
206;PALO QUEMADO;42
207;RIOBAMBA;43
208;CACHA (CAB. EN MACHANGARA) ;43
209;CALPI;43
210;CUBIJIES;43
211;FLORES;43
212;LICAN;43
213;LICTO;43
214;PUNGALA;43
215;PUNIN;43
216;QUIMIAG;43
217;SAN JUAN;43
218;SAN LUIS;43
219;ALAUSI;44
220;ACHUPALLAS;44
221;GUASUNTOS;44
222;HUIGRA;44
223;MULTITUD;44
224;PISTISHI (NARIZ DEL DIABLO);44
225;PUMALLACTA;44
226;SEVILLA;44
227;SIBAMBE;44
228;TIXAN;44
229;VILLA LA UNION (CAJABAMBA);45
230;CAÑI;45
231;COLUMBE;45
232;JUAN DE VELASCO (PANGOR);45
233;SANTIAGO DE QUITO (CAB. EN SAN ANTONIO DE QUITO);45
234;CHAMBO;46
235;CHUNCHI;47
236;CAPZOL;47
237;COMPUD;47
238;GONZOL;47
239;LLAGOS;47
240;GUAMOTE;48
241;CEBADAS;48
242;PALMIRA;48
243;GUANO;49
244;GUANANDO;49
245;ILAPO;49
246;LA PROVIDENCIA;49
247;SAN ANDRES;49
248;SAN GERARDO DE PACAICAGUAN;49
249;SAN ISIDRO DE PATULU;49
250;SAN JOSE DEL CHAZO;49
251;SANTA FE DE GALAN;49
252;VALPARAISO;49
253;PALLATANGA;50
254;PENIPE;51
255;EL ALTAR;51
256;MATUS;51
257;PUELA;51
258;SAN ANTONIO DE BAYUSHIG;51
259;LA CANDELARIA;51
260;BILBAO (CAB.EN QUILLUYACU);51
261;CUMANDA;52
262;MACHALA;53
263;EL RETIRO;53
264;ARENILLAS;54
265;CHACRAS;54
266;PALMALES;54
267;CARCABON;54
268;PACCHA;55
269;AYAPAMBA;55
270;CORDONCILLO;55
271;MILAGRO;55
272;SAN JOSE;55
273;SAN JUAN DE CERRO AZUL;55
274;BALSAS;56
275;BELLAMARIA;56
276;CHILLA;57
277;EL GUABO;58
278;BARBONES (SUCRE) ;58
279;LA IBERIA;58
280;TENDALES (CAB.EN PUERTO TENDALES);58
281;RIO BONITO;58
282;HUAQUILLAS;59
283;MARCABELI;60
284;EL INGENIO;60
285;PASAJE;61
286;BUENAVISTA;61
287;CASACAY;61
288;LA PEAÑA;61
289;PROGRESO;61
290;UZHCURRUMI;61
291;CAÑAQUEMADA ;61
292;PIÑAS;62
293;CAPIRO (CAB. EN LA CAPILLA DE CAPIRO);62
294;LA BOCANA;62
295;MOROMORO (CAB. EN EL VADO);62
296;PIEDRAS;62
297;SAN ROQUE (AMBROSIO MALDONADO);62
298;SARACAY;62
299;PORTOVELO;63
300;CURTINCAPA;63
301;MORALES;63
302;SALATI;63
303;SANTA ROSA;64
304;BELLAVISTA;64
305;JAMBELI;64
306;LA AVANZADA;64
307;SAN ANTONIO;64
308;TORATA;64
309;VICTORIA;64
310;BELLAMARIA;64
311;ZARUMA;65
312;ABAÑIN;65
313;ARCAPAMBA;65
314;GUANAZAN;65
315;GUIZHAGUIÑA;65
316;HUERTAS;65
317;MALVAS;65
318;MULUNCAY GRANDE;65
319;SINSAO;65
320;SALVIAS;65
321;LA VICTORIA;66
322;LA LIBERTAD;66
323;EL PARAISO ;66
324;SAN ISIDRO;66
325;ESMERALDAS;67
326;CAMARONES (CAB. EN SAN VICENTE) ;67
327;CRNEL. CARLOS CONCHA TORRES (CAB.EN HUELE);67
328;CHINCA;67
329;MAJUA;67
330;SAN MATEO;67
331;TABIAZO;67
332;TACHINA;67
333;VUELTA LARGA;67
334;VALDEZ (LIMONES);68
335;ANCHAYACU;68
336;ATAHUALPA (CAB. EN CAMARONES) ;68
337;BORBON;68
338;LA TOLA;68
339;LUIS VARGAS TORRES (CAB. EN PLAYA DE ORO);68
340;MALDONADO;68
341;PAMPANAL DE BOLIVAR     ;68
342;SAN FRANCISCO DE ONZOLE;68
343;SANTO DOMINGO DE ONZOLE;68
344;SELVA ALEGRE;68
345;TELEMBI;68
346;COLON ELOY DEL MARIA;68
347;SAN JOSE DE CAYAPAS;68
348;TIMBIRE  ;68
349;MUISNE;69
350;BOLIVAR;69
351;DAULE;69
352;GALERA;69
353;QUINGUE (OLMEDO PERDOMO FRANCO) ;69
354;SALIMA;69
355;SAN FRANCISCO;69
356;SAN GREGORIO;69
357;SAN JOSE DE CHAMANGA (CAB.EN CHAMANGA);69
358;ROSA ZARATE (QUININDE);70
359;CUBE;70
360;CHURA (CHANCAMA) (CAB. EN EL YERBERO);70
361;MALIMPIA;70
362;VICHE;70
363;LA UNION;70
364;SAN LORENZO;71
365;ALTO TAMBO (CAB. EN GUADUAL) ;71
366;ANCON (PICHANGAL) (CAB. EN PALMA REAL) ;71
367;CALDERON;71
368;CARONDELET;71
369;5 DE JUNIO (CAB. EN UIMBI) ;71
370;CONCEPCION;71
371;MATAJE (CAB. EN SANTANDER);71
372;SAN JAVIER DE CACHAVI (CAB. EN SAN JAVIER) ;71
373;SANTA RITA;71
374;TAMBILLO;71
375;TULULBI (CAB. EN RICAURTE);71
376;URBINA;71
377;ATACAMES;72
378;LA UNION;72
379;SUA  (CAB. EN LA BOCANA) ;72
380;TONCHIGÜE;72
381;TONSUPA;72
382;RIOVERDE;73
383;CHONTADURO;73
384;CHUMUNDE ;73
385;LAGARTO;73
386;MONTALVO (CAB. EN HORQUETA) ;73
387;ROCAFUERTE;73
388;LA CONCORDIA;74
389;GUAYAQUIL;75
390;JUAN GOMEZ RENDON (PROGRESO) ;75
391;MORRO;75
392;POSORJA;75
393;PUNA;75
394;TENGUEL;75
395;ALFREDO BAQUERIZO MORENO (JUJAN);76
396;BALAO;77
397;BALZAR;78
398;COLIMES;79
399;SAN JACINTO;79
400;DAULE;80
401;JUAN BAUTISTA AGUIRRE (LOS TINTOS) ;80
402;LAUREL;80
403;LIMONAL;80
404;LOS LOJAS (ENRIQUE BAQUERIZO MORENO);80
405;ELOY ALFARO (DURAN);81
406;VELASCO IBARRA (EL EMPALME);82
407;GUAYAS (PUEBLO NUEVO) ;82
408;EL ROSARIO;82
409;EL TRIUNFO;83
410;MILAGRO;84
411;CHOBO;84
412;MARISCAL SUCRE (HUAQUES);84
413;ROBERTO ASTUDILLO (CAB. EN CRUCE DE VENECIA) ;84
414;NARANJAL;85
415;JESUS MARIA;85
416;SAN CARLOS;85
417;SANTA ROSA DE FLANDES;85
418;TAURA;85
419;NARANJITO;86
420;PALESTINA;87
421;PEDRO CARBO;88
422;VALLE DE LA VIRGEN ;88
423;SABANILLA;88
424;SAMBORONDON;89
425;TARIFA;89
426;SANTA LUCIA;90
427;EL SALITRE (LAS RAMAS);91
428;GRAL. VERNAZA (DOS ESTEROS) ;91
429;LA VICTORIA (ÑAUZA);91
430;JUNQUILLAL;91
431;SAN JACINTO DE YAGUACHI;92
432;GRAL. PEDRO J. MONTERO (BOLICHE) ;92
433;YAGUACHI VIEJO (CONE);92
434;VIRGEN DE FATIMA;92
435;GENERAL VILLAMIL (PLAYAS);93
436;SIMON BOLIVAR;94
437;CRNEL.LORENZO DE GARAICOA (PEDREGAL);94
438;CORONEL MARCELINO MARIDUEÑA (SAN CARLOS);95
439;LOMAS DE SARGENTILLO;96
440;NARCISA DE JESUS;97
441;GENERAL ANTONIO ELIZALDE (BUCAY);98
442;ISIDRO AYORA;99
443;SAN MIGUEL DE IBARRA;100
444;AMBUQUI;100
445;ANGOCHAGUA;100
446;CAROLINA;100
447;LA ESPERANZA;100
448;LITA;100
449;SALINAS;100
450;SAN ANTONIO;100
451;ATUNTAQUI;101
452;IMBAYA (SAN LUIS DE COBUENDO) ;101
453;SAN FRANCISCO DE NATABUELA;101
454;SAN JOSE DE CHALTURA;101
455;SAN ROQUE;101
456;COTACACHI;102
457;APUELA;102
458;GARCIA MORENO  (LLURIMAGUA) ;102
459;IMANTAG;102
460;PEÑAHERRERA;102
461;PLAZA GUTIERREZ;102
462;QUIROGA;102
463;6 DE JULIO DE CUELLAJE (CAB. EN CUELLAJE);102
464;VACAS GALINDO (EL CHURO) (CAB.EN SAN MIGUEL ALTO);102
465;OTAVALO;103
466;DR. MIGUEL EGAS CABEZAS (PEGUCHE) ;103
467;EUGENIO ESPEJO (CALPAQUI) ;103
468;GONZALEZ SUAREZ;103
469;PATAQUI;103
470;SAN JOSE DE QUICHINCHE ;103
471;SAN JUAN DE ILUMAN;103
472;SAN PABLO;103
473;SAN RAFAEL;103
474;SELVA ALEGRE (CAB.EN SAN MIGUEL DE PAMPLONA);103
475;PIMAMPIRO;104
476;CHUGA;104
477;MARIANO ACOSTA;104
478;SAN FRANCISCO DE SIGSIPAMBA;104
479;URCUQUI;105
480;CAHUASQUI;105
481;LA MERCED DE BUENOS AIRES;105
482;PABLO ARENAS;105
483;SAN BLAS;105
484;TUMBABIRO;105
485;LOJA;106
486;CHANTACO;106
487;CHUQUIRIBAMBA;106
488;EL CISNE;106
489;GUALEL;106
490;JIMBILLA;106
491;MALACATOS (VALLADOLID) ;106
492;SAN LUCAS;106
493;SAN PEDRO DE VILCABAMBA;106
494;SANTIAGO;106
495;TAQUIL (MIGUEL RIOFRIO);106
496;VILCABAMBA  (VICTORIA);106
497;YANGANA (ARSENIO CASTILLO);106
498;QUINARA;106
499;CARIAMANGA;107
500;COLAISACA;107
501;EL LUCERO;107
502;UTUANA;107
503;SANGUILLIN;107
504;CATAMAYO (LA TOMA);108
505;EL TAMBO;108
506;GUAYQUICHUMA;108
507;SAN PEDRO DE LA BENDITA;108
508;ZAMBI;108
509;CELICA;109
510;CRUZPAMBA (CAB. EN CARLOS BUSTAMANTE);109
511;POZUL (SAN JUAN DE POZUL);109
512;SABANILLA;109
513;TNTE. MAXIMILIANO RODRIGUEZ LOAIZA ;109
514;CHAGUARPAMBA;110
515;BUENAVISTA;110
516;EL ROSARIO;110
517;SANTA RUFINA;110
518;AMARILLOS;110
519;AMALUZA;111
520;BELLAVISTA;111
521;JIMBURA;111
522;SANTA TERESITA;111
523;27 DE ABRIL (CAB. EN LA NARANJA) ;111
524;EL INGENIO;111
525;EL AIRO;111
526;GONZANAMA;112
527;CHANGAIMINA (LA LIBERTAD) ;112
528;NAMBACOLA;112
529;PURUNUMA (EGUIGUREN) ;112
530;SACAPALCA;112
531;MACARA;113
532;LARAMA;113
533;LA VICTORIA;113
534;SABIANGO (LA CAPILLA);113
535;CATACOCHA;114
536;CANGONAMA;114
537;GUACHANAMA;114
538;LAURO GUERRERO;114
539;ORIANGA;114
540;SAN ANTONIO;114
541;CASANGA;114
542;YAMANA;114
543;ALAMOR;115
544;CIANO;115
545;EL ARENAL;115
546;EL LIMO (MARIANA DE JESUS);115
547;MERCADILLO;115
548;VICENTINO;115
549;SARAGURO;116
550;EL PARAISO DE CELEN;116
551;EL TABLON  ;116
552;LLUZHAPA;116
553;MANU;116
554;SAN ANTONIO DE QUMBE (CUMBE);116
555;SAN PABLO DE TENTA;116
556;SAN SEBASTIAN DE YULUC;116
557;SELVA ALEGRE;116
558;URDANETA (PAQUISHAPA);116
559;SUMAYPAMBA;116
560;SOZORANGA;117
561;NUEVA FATIMA;117
562;TACAMOROS;117
563;ZAPOTILLO;118
564;CAZADEROS (CAB.EN MANGAURCO) ;118
565;GARZAREAL;118
566;LIMONES;118
567;PALETILLAS;118
568;BOLASPAMBA;118
569;PINDAL;119
570;CHAQUINAL;119
571;12 DE DICIEMBRE (CAB.EN ACHIOTES);119
572;QUILANGA;120
573;FUNDOCHAMBA;120
574;SAN ANTONIO DE LAS ARADAS (CAB. EN LAS ARADAS);120
575;OLMEDO;121
576;LA TINGUE;121
577;BABAHOYO;122
578;CARACOL;122
579;FEBRES CORDERO (LAS JUNTAS) (CAB. EN MATA DE CACAO);122
580;PIMOCHA;122
581;LA UNION;122
582;BABA;123
583;GUARE;123
584;ISLA DE BEJUCAL;123
585;MONTALVO;124
586;PUEBLOVIEJO;125
587;PUERTO PECHICHE;125
588;SAN JUAN;125
589;QUEVEDO;126
590;SAN CARLOS;126
591;LA ESPERANZA;126
592;CATARAMA;127
593;RICAURTE;127
594;VENTANAS;128
595;ZAPOTAL;128
596;VINCES;129
597;ANTONIO SOTOMAYOR (CAB. EN PLAYAS DE VINCES) ;129
598;PALENQUE;130
599;SAN JACINTO DE BUENA FE;131
600;PATRICIA PILAR;131
601;VALENCIA;132
602;MOCACHE;133
603;QUINSALOMA;134
604;PORTOVIEJO;135
605;ABDON CALDERON (SAN FRANCISCO);135
606;ALHAJUELA (BAJO GRANDE) ;135
607;CRUCITA;135
608;PUEBLO NUEVO;135
609;RIOCHICO (RIO CHICO);135
610;SAN PLACIDO;135
611;CHIRIJOS;135
612;CALCETA;136
613;MEMBRILLO;136
614;QUIROGA;136
615;CHONE;137
616;BOYACA;137
617;CANUTO;137
618;CONVENTO;137
619;CHIBUNGA;137
620;ELOY ALFARO;137
621;RICAURTE;137
622;SAN ANTONIO;137
623;EL CARMEN;138
624;WILFRIDO LOOR MOREIRA (MAICITO);138
625;SAN PEDRO DE SUMA;138
626;FLAVIO ALFARO;139
627;SAN FRANCISCO DE NOVILLO (CAB. EN  NOVILLO);139
628;ZAPALLO;139
629;JIPIJAPA;140
630;AMERICA;140
631;EL ANEGADO (CAB. EN ELOY ALFARO);140
632;JULCUY;140
633;LA UNION;140
634;MEMBRILLAL;140
635;PEDRO PABLO GOMEZ;140
636;PUERTO DE CAYO;140
637;JUNIN;141
638;MANTA;142
639;SAN LORENZO;142
640;SANTA MARIANITA (BOCA DE PACOCHE);142
641;MONTECRISTI;143
642;LA PILA;143
643;PAJAN;144
644;CAMPOZANO (LA PALMA DE PAJAN);144
645;CASCOL;144
646;GUALE;144
647;LASCANO;144
648;PICHINCHA;145
649;BARRAGANETE ;145
650;SAN SEBASTIAN;145
651;ROCAFUERTE;146
652;SANTA ANA DE VUELTA LARGA;147
653;AYACUCHO;147
654;HONORATO VASQUEZ (CAB. EN VASQUEZ);147
655;LA UNION;147
656;SAN PABLO (CAB. EN PUEBLO NUEVO);147
657;BAHIA DE CARAQUEZ;148
658;CHARAPOTO;148
659;SAN ISIDRO;148
660;TOSAGUA;149
661;BACHILLERO;149
662;ANGEL PEDRO GILER (LA ESTANCILLA);149
663;SUCRE;150
664;BELLAVISTA;150
665;NOBOA;150
666;ARQ. SIXTO DURAN BALLEN;150
667;PEDERNALES;151
668;COJIMIES;151
669;10 DE AGOSTO;151
670;ATAHUALPA;151
671;OLMEDO;152
672;PUERTO LOPEZ;153
673;MACHALILLA;153
674;SALANGO;153
675;JAMA;154
676;JARAMIJO;155
677;SAN VICENTE;156
678;CANOA;156
679;MACAS;157
680;ALSHI (CAB. EN 9 DE OCTUBRE) ;157
681;GENERAL PROAÑO;157
682;SAN ISIDRO;157
683;SEVILLA DON BOSCO;157
684;SINAI;157
685;ZUÑA (ZUÑAC);157
686;CUCHAENTZA;157
687;RIO BLANCO;157
688;GUALAQUIZA;158
689;AMAZONAS (ROSARIO DE CUYES) ;158
690;BERMEJOS;158
691;BOMBOIZA;158
692;CHIGÜINDA;158
693;EL ROSARIO;158
694;NUEVA TARQUI;158
695;SAN MIGUEL DE CUYES;158
696;EL IDEAL;158
697;GENERAL LEONIDAS PLAZA GUTIERREZ (LIMON);159
698;INDANZA;159
699;SAN ANTONIO (CAB. EN SAN ANTONIO CENTRO;159
700;SAN MIGUEL DE CONCHAY;159
701;SANTA SUSANA DE CHIVIAZA (CAB. EN CHIVIAZA);159
702;YUNGANZA (CAB. EN EL ROSARIO);159
703;PALORA (METZERA);160
704;ARAPICOS;160
705;CUMANDA (CAB. EN COLONIA AGRICOLA SEVILLA DEL ORO);160
706;SANGAY (CAB. EN NAYAMANACA);160
707;16 DE AGOSTO;160
708;SANTIAGO DE MENDEZ;161
709;COPAL;161
710;CHUPIANZA;161
711;PATUCA;161
712;SAN LUIS DE EL ACHO (CAB. EN EL ACHO) ;161
713;TAYUZA;161
714;SAN FRANCISCO DE CHINIMBIMI;161
715;SUCUA;162
716;ASUNCION;162
717;HUAMBI;162
718;SANTA MARIANITA DE JESUS;162
719;HUAMBOYA;163
720;CHIGUAZA;163
721;SAN JUAN BOSCO;164
722;PAN DE AZUCAR;164
723;SAN CARLOS DE LIMON  ;164
724;SAN JACINTO DE WAKAMBEIS ;164
725;SANTIAGO DE PANANZA;164
726;TAISHA;165
727;HUASAGA (CAB. EN WAMPUIK) ;165
728;MACUMA  ;165
729;TUUTINENTZA ;165
730;PUMPUENTSA;165
731;LOGROÑO;166
732;YAUPI;166
733;SHIMPIS;166
734;PABLO SEXTO;167
735;SANTIAGO;168
736;SAN JOSE DE MORONA;168
737;TENA;169
738;AHUANO;169
739;CHONTAPUNTA;169
740;PANO;169
741;PUERTO MISAHUALLI;169
742;PUERTO NAPO;169
743;TALAG;169
744;ARCHIDONA;170
745;COTUNDO;170
746;SAN PABLO DE USHPAYACU;170
747;EL CHACO;171
748;GONZALO DIAZ DE PINEDA (EL BOMBON) ;171
749;LINARES;171
750;OYACACHI;171
751;SANTA ROSA;171
752;SARDINAS;171
753;BAEZA;172
754;COSANGA;172
755;CUYUJA;172
756;PAPALLACTA;172
757;SAN FRANCISCO DE BORJA (VIRGILIO DAVILA);172
758;SUMACO;172
759;CARLOS JULIO AROSEMENA TOLA;173
760;PUYO;174
761;CANELOS;174
762;DIEZ  DE AGOSTO;174
763;FATIMA;174
764;MONTALVO (ANDOAS) ;174
765;POMONA;174
766;RIO CORRIENTES ;174
767;RIO TIGRE;174
768;SARAYACU;174
769;SIMON BOLIVAR  (CAB. EN MUSHULLACTA);174
770;TARQUI;174
771;TENIENTE HUGO ORTIZ;174
772;VERACRUZ (INDILLAMA) (CAB. EN INDILLAMA);174
773;EL TRIUNFO;174
774;MERA;175
775;MADRE TIERRA;175
776;SHELL;175
777;SANTA CLARA;176
778;SAN JOSE;176
779;ARAJUNO;177
780;CURARAY;177
781;QUITO DISTRITO METROPOLITANO, CABECERA CANTONAL, CAPITAL PROVINCIAL Y DE LA REPUBLICA DEL ECUADOR;178
782;ALANGASI;178
783;AMAGUAÑA;178
784;ATAHUALPA (HABASPAMBA) ;178
785;CALACALI;178
786;CALDERON (CARAPUNGO) ;178
787;CONOCOTO;178
788;CUMBAYA;178
789;CHAVEZPAMBA;178
790;CHECA (CHILPA) ;178
791;EL QUINCHE;178
792;GUALEA;178
793;GUANGOPOLO;178
794;GUAYLLABAMBA;178
795;LA MERCED;178
796;LLANO CHICO;178
797;LLOA;178
798;NANEGAL;178
799;NANEGALITO;178
800;NAYON;178
801;NONO;178
802;PACTO;178
803;PERUCHO;178
804;PIFO;178
805;PINTAG;178
806;POMASQUI;178
807;PUELLARO;178
808;PUEMBO;178
809;SAN ANTONIO;178
810;SAN JOSE DE MINAS;178
811;TABABELA;178
812;TUMBACO;178
813;YARUQUI;178
814;ZAMBIZA;178
815;CAYAMBE;179
816;ASCAZUBI;179
817;CANGAHUA ;179
818;OLMEDO (PESILLO);179
819;OTON;179
820;SANTA ROSA DE CUZUBAMBA;179
821;MACHACHI;180
822;ALOAG;180
823;ALOASI;180
824;CUTUGLAHUA;180
825;EL CHAUPI;180
826;MANUEL CORNEJO ASTORGA (TANDAPI);180
827;TAMBILLO;180
828;UYUMBICHO;180
829;TABACUNDO;181
830;LA ESPERANZA;181
831;MALCHINGUI;181
832;TOCACHI;181
833;TUPIGACHI;181
834;SANGOLQUI;182
835;COTOGCHOA;182
836;RUMIPAMBA;182
837;SAN MIGUEL DE LOS BANCOS ;183
838;MINDO;183
839;PEDRO VICENTE MALDONADO;184
840;PUERTO QUITO;185
841;AMBATO;186
842;AMBATILLO;186
843;ATAHUALPA (CHISALATA) ;186
844;AUGUSTO N. MARTINEZ (MUNDUGLEO);186
845;CONSTANTINO FERNANDEZ (CAB. EN CULLITAHUA);186
846;HUACHI GRANDE;186
847;IZAMBA;186
848;JUAN BENIGNO VELA;186
849;MONTALVO;186
850;PASA;186
851;PICAIGUA;186
852;PILAGÜIN (PILAHÜIN);186
853;QUISAPINCHA (QUIZAPINCHA);186
854;SAN BARTOLOME DE PINLLOG;186
855;SAN FERNANDO (PASA SAN FERNANDO);186
856;SANTA ROSA;186
857;TOTORAS;186
858;CUNCHIBAMBA;186
859;UNAMUNCHO;186
860;BAÑOS DE AGUA SANTA;187
861;LLIGUA;187
862;RIO NEGRO;187
863;RIO VERDE;187
864;ULBA;187
865;CEVALLOS;188
866;MOCHA;189
867;PINGUILI;189
868;PATATE;190
869;EL TRIUNFO;190
870;LOS ANDES (CAB. EN POATUG) ;190
871;SUCRE (CAB. EN SUCRE-PATATE URCU);190
872;QUERO;191
873;RUMIPAMBA;191
874;YANAYACU - MOCHAPATA (CAB. EN YANAYACU) ;191
875;PELILEO;192
876;BENITEZ (PACHANLICA) ;192
877;BOLIVAR;192
878;COTALO;192
879;CHIQUICHA (CAB. EN CHIQUICHA GRANDE);192
880;EL ROSARIO (RUMICHACA);192
881;GARCIA MORENO (CHUMAQUI);192
882;GUAMBALO (HUAMBALO);192
883;SALASACA;192
884;PILLARO;193
885;BAQUERIZO MORENO;193
886;EMILIO MARIA TERAN (RUMIPAMBA);193
887;MARCOS ESPINEL (CHACATA) ;193
888;PRESIDENTE URBINA (CHAGRAPAMBA -PATZUCUL);193
889;SAN ANDRES;193
890;SAN JOSE DE POALO;193
891;SAN MIGUELITO;193
892;TISALEO;194
893;QUINCHICOTO;194
894;ZAMORA;195
895;CUMBARATZA;195
896;GUADALUPE;195
897;IMBANA (LA VICTORIA DE IMBANA);195
898;SABANILLA;195
899;TIMBARA;195
900;SAN CARLOS DE LAS MINAS;195
901;ZUMBA;196
902;CHITO;196
903;EL CHORRO;196
904;LA CHONTA;196
905;PUCAPAMBA;196
906;SAN ANDRES;196
907;GUAYZIMI;197
908;ZURMI;197
909;NUEVO PARAISO;197
910;28 DE MAYO (SAN JOSE DE YACUAMBI);198
911;LA PAZ;198
912;TUTUPALI;198
913;YANTZAZA (YANZATZA);199
914;CHICAÑA;199
915;LOS ENCUENTROS;199
916;EL PANGUI;200
917;EL GUISME ;200
918;PACHICUTZA;200
919;TUNDAYME;200
920;ZUMBI;201
921;PALANDA;202
922;EL PORVENIR DEL CARMEN;202
923;SAN FRANCISCO DEL VERGEL;202
924;VALLADOLID;202
925;LA CANELA;202
926;PAQUISHA;203
927;BELLAVISTA;203
928;NUEVO QUITO;203
929;PUERTO BAQUERIZO MORENO;204
930;EL PROGRESO;204
931;ISLA SANTA MARIA (FLOREANA) (CAB. EN  PTO. VELASCO IBARRA);204
932;PUERTO VILLAMIL;205
933;TOMAS DE BERLANGA (SANTO TOMAS);205
934;PUERTO AYORA;206
935;BELLAVISTA;206
936;SANTA ROSA (INCLUYE LA ISLA BALTRA);206
937;NUEVA LOJA;207
938;DURENO;207
939;GENERAL FARFAN;207
940;EL ENO;207
941;PACAYACU;207
942;JAMBELI;207
943;SANTA CECILIA;207
944;LUMBAQUI;208
945;EL REVENTADOR   ;208
946;GONZALO PIZARRO ;208
947;PUERTO LIBRE;208
948;PUERTO EL CARMEN DEL PUTUMAYO;209
949;PALMA ROJA;209
950;PUERTO BOLIVAR (PUERTO MONTUFAR);209
951;PUERTO RODRIGUEZ;209
952;SANTA ELENA;209
953;SHUSHUFINDI;210
954;LIMONCOCHA;210
955;PAÑACOCHA;210
956;SAN ROQUE (CAB. EN SAN VICENTE);210
957;SAN PEDRO DE LOS COFANES;210
958;SIETE DE JULIO;210
959;LA BONITA;211
960;EL PLAYON DE SAN FRANCISCO;211
961;LA SOFIA;211
962;ROSA FLORIDA;211
963;SANTA BARBARA;211
964;EL DORADO DE CASCALES;212
965;SANTA ROSA DE SUCUMBIOS;212
966;SEVILLA;212
967;TARAPOA ;213
968;CUYABENO;213
969;AGUAS NEGRAS;213
970;PUERTO FRANCISCO DE ORELLANA (EL COCA);214
971;DAYUMA;214
972;TARACOA (CAB. EN NUEVA ESPERANZA: YUCA);214
973;ALEJANDRO LABAKA;214
974;EL DORADO;214
975;EL EDEN;214
976;GARCIA MORENO;214
977;INES ARANGO (CAB. EN WESTERN);214
978;LA BELLEZA;214
979;NUEVO PARAISO (CAB. EN UNIÓN CHIMBORAZO);214
980;SAN JOSE DE GUAYUSA;214
981;SAN LUIS DE ARMENIA;214
982;NUEVO ROCAFUERTE;215
983;CAPITAN AUGUSTO RIVADENEYRA;215
984;CONONACO;215
985;SANTA MARIA DE HUIRIRIMA;215
986;TIPUTINI;215
987;YASUNI;215
988;LA JOYA DE LOS SACHAS;216
989;ENOKANQUI ;216
990;POMPEYA;216
991;SAN CARLOS;216
992;SAN SEBASTIAN DEL COCA;216
993;LAGO SAN PEDRO;216
994;RUMIPAMBA;216
995;TRES DE NOVIEMBRE;216
996;UNION MILAGREÑA;216
997;LORETO;217
998;AVILA (CAB. EN HUIRUNO) ;217
999;PUERTO MURIALDO;217
1000;SAN JOSE DE PAYAMINO;217
1001;SAN JOSE DE DAHUANO;217
1002;SAN VICENTE DE HUATICOCHA;217
1003;SANTO DOMINGO DE LOS COLORADOS;218
1004;ALLURIQUIN;218
1005;PUERTO LIMON;218
1006;LUZ DE AMERICA ;218
1007;SAN JACINTO DEL BUA;218
1008;VALLE HERMOSO;218
1009;EL ESFUERZO;218
1010;SANTA MARIA DEL TOACHI;218
1011;SANTA ELENA;219
1012;ATAHUALPA;219
1013;COLONCHE;219
1014;CHANDUY;219
1015;MANGLARALTO;219
1016;SIMON BOLIVAR (JULIO MORENO);219
1017;SAN JOSE DE ANCON;219
1018;LA LIBERTAD;220
1019;SALINAS;221
1020;ANCONCITO;221
1021;JOSE LUIS TAMAYO (MUEY);221
1022;LAS GOLONDRINAS;222
1023;MANGA DEL CURA;223
1024;EL PIEDRERO;224
